"Name","Width","Height","Ratio","IsSquare"
"application_artista-drift.jpg","1055","1400","0.75","False"
"application_artista-mocha.jpg","1055","1400","0.75","False"
"application_city-roast.jpg","1055","1400","0.75","False"
"application_creme_royale_1.jpg","1200","800","1.5","False"
"application_lavadrift_1.jpg","1200","800","1.5","False"
"application_rain_streak_1.jpg","800","1200","0.67","False"
"application_travertine-firenze.jpg","1055","1400","0.75","False"
"application_travertine-roma.jpg","1059","1400","0.76","False"
"application_vasto-greige.jpg","1055","1400","0.75","False"
"application_vasto-laguna.jpg","1055","1400","0.75","False"
"app_commercial_artista_beige.jpg","1000","667","1.5","False"
"app_commercial_artista_dust.jpg","1000","667","1.5","False"
"app_commercial_artista_gray.jpg","1000","684","1.46","False"
"app_commercial_bleached_nuwood.jpg","1024","768","1.33","False"
"app_commercial_carrara_crema.jpg","1000","667","1.5","False"
"app_commercial_grinds_archeologic.jpg","1504","1003","1.5","False"
"app_commercial_grinds_excavage.jpg","1504","1003","1.5","False"
"app_commercial_grinds_pebble_lane.jpg","1504","1003","1.5","False"
"app_commercial_grinds_stonique.jpg","1504","1086","1.38","False"
"app_commercial_provence_nuwood.jpg","1504","1002","1.5","False"
"app_commercial_provence_nuwood_2.jpg","1504","1002","1.5","False"
"app_commercial_terrazzo_laguna.jpg","1504","1004","1.5","False"
"app_residential_archeologic_1.jpg","1504","1003","1.5","False"
"app_residential_artista_beige.jpg","667","1000","0.67","False"
"app_residential_artista_canvas.jpg","1000","1000","1","True"
"app_residential_artista_dust.jpg","1000","667","1.5","False"
"app_residential_artista_gray.jpg","1000","667","1.5","False"
"app_residential_artista_mist_1.jpg","1500","1000","1.5","False"
"app_residential_artista_mist_2.jpg","1500","1000","1.5","False"
"app_residential_artista_mist_3.jpg","1500","1000","1.5","False"
"app_residential_artista_mist_4.jpg","1500","1000","1.5","False"
"app_residential_artista_sage_1.jpg","1500","1000","1.5","False"
"app_residential_artista_sage_2.jpg","1500","1000","1.5","False"
"app_residential_calacatta_greige_1.jpg","1500","1000","1.5","False"
"app_residential_calacatta_greige_2.jpg","1500","1000","1.5","False"
"app_residential_calacatta_greige_3.jpg","1500","1000","1.5","False"
"app_residential_calacatta_greige_4.jpg","1500","1000","1.5","False"
"app_residential_carrara_crema.jpg","750","1000","0.75","False"
"app_residential_carrara_lino.jpg","1000","563","1.78","False"
"app_residential_cirrus_white_1.jpg","1500","1000","1.5","False"
"app_residential_excavage_1.jpg","1500","1000","1.5","False"
"app_residential_excavage_2.jpg","1500","1000","1.5","False"
"app_residential_laguna_terrazzo_1.jpg","1500","1000","1.5","False"
"app_residential_laguna_terrazzo_2.jpg","1500","1000","1.5","False"
"app_residential_natural_gray_1.jpg","1500","1000","1.5","False"
"app_residential_pebble_lane_1.jpg","1504","1003","1.5","False"
"app_residential_pebble_lane_2.jpg","1504","1003","1.5","False"
"app_residential_peppered_terrazzo_1.jpg","1500","1000","1.5","False"
"app_residential_peppered_terrazzo_2.jpg","1504","1003","1.5","False"
"app_residential_peppered_terrazzo_3.jpg","1504","1003","1.5","False"
"app_residential_peppered_terrazzo_4.jpg","1504","1003","1.5","False"
"app_residential_sand-storm.jpg","1000","724","1.38","False"
"app_residential_sparkling-granita.jpg","1000","667","1.5","False"
"app_residential_stonecrest_smoke_1.jpg","1500","1000","1.5","False"
"app_residential_stonecrest_smoke_2.jpg","1500","1000","1.5","False"
"app_residential_stonecrest_smoke_3.jpg","1500","1000","1.5","False"
"app_residential_stonique_1.jpg","1500","1000","1.5","False"
"app_residential_stonique_2.jpg","1500","1000","1.5","False"
"app_residential_stonique_3.jpg","1500","1000","1.5","False"
"app_residential_terrazzo_peppered.jpg","1504","1003","1.5","False"
"arrowroot_l_shape.png","600","450","1.33","False"
"artista-canvas-application-1.jpg","1200","740","1.62","False"
"ash_concrete_l_shape.png","600","450","1.33","False"
"aztecgold_l_shape.png","600","450","1.33","False"
"bleached-nuwood-application-2.jpg","1200","740","1.62","False"
"bleached_nuwood_l_shape.png","600","399","1.5","False"
"bleached_nuwood_slab.jpg","800","164","4.88","False"
"burledbeach_l_shape.png","600","450","1.33","False"
"canvas-application-1.jpg","1200","740","1.62","False"
"carbon-aggregate-application-1.jpg","1200","740","1.62","False"
"carbon_concrete_l_shape.png","600","450","1.33","False"
"carrara-lino-application-1.jpg","1200","740","1.62","False"
"clam_shell_l_shape.png","600","450","1.33","False"
"cocoa_prima_l_shape.png","600","450","1.33","False"
"concrete-application-1.jpg","1200","740","1.62","False"
"corian-colors-ash-concrete-1.jpg","842","1191","0.71","False"
"corian-colors-carbon-concrete-1-2.jpg","842","1191","0.71","False"
"corian-colors-carbon-concrete-1.jpg","3508","4961","0.71","False"
"corian-colors-cosmos-prima-1.jpg","842","1191","0.71","False"
"corian-colors-dune-prima-1.jpg","842","1191","0.71","False"
"corian-colors-dune-prima-2.jpg","1200","740","1.62","False"
"corian-colors-gray-onyx-1.jpg","842","1191","0.71","False"
"corian-colors-limestone-prima-1.jpg","842","1191","0.71","False"
"corian-colors-neutral-concrete-1.jpg","842","1191","0.71","False"
"corian-colors-smoke-drift-prima-1.jpg","842","1191","0.71","False"
"corian-colors-weathered-concrete-1.jpg","842","1191","0.71","False"
"corian-colours-kitchen-sandstone-1.jpg","1600","1067","1.5","False"
"corian-colours-kitchen-sandstone-3.jpg","959","768","1.25","False"
"corian-colours-kitchen-sandstone-4.jpg","1400","1055","1.33","False"
"corian-colours-kitchen-sandstone-5.jpg","959","768","1.25","False"
"coriansolidsurface-ashaggregate-application.jpg","800","1059","0.76","False"
"coriansolidsurface-basaltterrazzo-application.jpg","800","1131","0.71","False"
"coriansolidsurface-beechnuwood-application.jpg","800","1000","0.8","False"
"coriansolidsurface-carbonaggregate-application.jpg","800","1195","0.67","False"
"coriansolidsurface-dominoterrazzo-application.jpg","800","1131","0.71","False"
"coriansolidsurface-goldenonyx-application.jpg","800","1131","0.71","False"
"coriansolidsurface-mahoganynuwood-application.jpg","800","1131","0.71","False"
"coriansolidsurface-neutralaggregate-application.jpg","800","1066","0.75","False"
"coriansolidsurface-pebbleterrazzo-application.jpg","800","1101","0.73","False"
"coriansolidsurface-sepialinear-application.jpg","800","1066","0.75","False"
"coriansolidsurface-silverlinear-hospitality-application.jpg","800","1131","0.71","False"
"coriansolidsurface-verdant-application.jpg","800","750","1.07","False"
"coriansolidsurface-verdantlaguna-application.jpg","800","1059","0.76","False"
"coriansolidsurface-weatheredaggregate-application.jpg","800","1075","0.74","False"
"corian_artista_beige.jpg","1800","1800","1","True"
"corian_artista_beige_fullsheet.jpg","1024","208","4.92","False"
"corian_artista_beige_lshape.png","1024","681","1.5","False"
"corian_artista_canvas.jpg","1800","1800","1","True"
"corian_artista_canvas_fullsheet.jpg","1024","208","4.92","False"
"corian_artista_canvas_lshape.png","1024","681","1.5","False"
"corian_artista_dust.jpg","1800","1800","1","True"
"corian_artista_dust_fullsheet.jpg","1024","208","4.92","False"
"corian_artista_dust_lshape.png","1024","681","1.5","False"
"corian_artista_gray.jpg","1800","1800","1","True"
"corian_artista_gray_fullsheet.jpg","1024","203","5.04","False"
"corian_artista_gray_lshape.png","1024","681","1.5","False"
"corian_ash_aggregate.jpg","1400","1400","1","True"
"corian_basalt_terrazzo.jpg","1400","1400","1","True"
"corian_bleached_nuwood.jpg","1800","1800","1","True"
"corian_carbon_aggregate.jpg","1400","1398","1","True"
"corian_carrara_crema.jpg","1800","1800","1","True"
"corian_carrara_crema_fullsheet.jpg","1024","208","4.92","False"
"corian_carrara_crema_lshape.png","1024","681","1.5","False"
"corian_carrara_lino.jpg","1798","1800","1","True"
"corian_carrara_lino_fullsheet.jpg","1024","204","5.02","False"
"corian_carrara_lino_lshape.png","1024","681","1.5","False"
"corian_domino_terrazzo.jpg","1400","1400","1","True"
"corian_golden_onyx.jpg","1400","1400","1","True"
"corian_grinds_archeologic_fullsheet.jpg","1504","309","4.87","False"
"corian_grinds_excavage_fullsheet.jpg","1504","309","4.87","False"
"corian_grinds_pebble_lane_fullsheet.jpg","1504","309","4.87","False"
"corian_grinds_stonique_fullsheet.jpg","1504","309","4.87","False"
"corian_jade_onyx.jpg","1400","1400","1","True"
"corian_laguna.jpg","1400","1400","1","True"
"corian_neutral_aggregate.jpg","1400","1400","1","True"
"corian_pebble_terrazzo.jpg","1400","1399","1","True"
"corian_provence_nuwood.jpg","1800","1800","1","True"
"corian_sandalwood_rgb_1800x1350.jpg","1800","1350","1.33","False"
"corian_sand_storm.jpg","1800","1800","1","True"
"corian_sand_storm_fullsheet.jpg","1024","288","3.56","False"
"corian_sand_storm_lshape.png","1024","684","1.5","False"
"corian_sepia_linear.jpg","1400","1400","1","True"
"corian_silver_linear.jpg","1400","1400","1","True"
"corian_sparkling_granita.jpg","1800","1800","1","True"
"corian_sparkling_granita_fullsheet.jpg","1024","211","4.85","False"
"corian_terrazzo_laguna_fullsheet.jpg","1504","309","4.87","False"
"corian_terrazzo_peppered_fullsheet.jpg","1504","309","4.87","False"
"corian_verdant.jpg","1400","1400","1","True"
"corian_weathered_aggregate.jpg","1400","1399","1","True"
"cosmos_prima_l_shape.png","600","450","1.33","False"
"deep-black-quartz-application-1.jpg","800","1200","0.67","False"
"deep-cloud-application-1.jpg","1200","740","1.62","False"
"deep-mink-application-1.jpg","1200","740","1.62","False"
"deep-nocturne-application-1.jpg","1200","740","1.62","False"
"deep-nocturne-application-2.jpg","1200","740","1.62","False"
"deep-sable-application-1.jpg","1200","740","1.62","False"
"deep-storm-application-1.jpg","1200","740","1.62","False"
"designer-white-application-1.jpg","1200","740","1.62","False"
"domino-terrazzo-application-1.jpg","1198","740","1.62","False"
"dove-application-1.jpg","1200","740","1.62","False"
"dune_prima_l_shape.png","600","450","1.33","False"
"dupont_corian_abalone.jpg","1800","1350","1.33","False"
"dupont_corian_allspice.jpg","1800","1350","1.33","False"
"dupont_corian_antartica.jpg","1800","1350","1.33","False"
"dupont_corian_anthracite.jpg","1800","1350","1.33","False"
"dupont_corian_aqua.jpg","1800","1350","1.33","False"
"dupont_corian_aqualite.jpg","1800","1350","1.33","False"
"dupont_corian_architect_white.jpg","1800","1350","1.33","False"
"dupont_corian_arrowroot.jpg","1800","1350","1.33","False"
"dupont_corian_artic_ice.jpg","1800","1350","1.33","False"
"dupont_corian_ash_concrete.jpg","1800","1350","1.33","False"
"dupont_corian_aspen.jpg","1800","1350","1.33","False"
"dupont_corian_asterism.jpg","1800","1350","1.33","False"
"dupont_corian_athena_gray.jpg","1800","1350","1.33","False"
"dupont_corian_aurora.jpg","1800","1350","1.33","False"
"dupont_corian_aztec_gold.jpg","1800","1350","1.33","False"
"dupont_corian_basil.jpg","1800","1350","1.33","False"
"dupont_corian_bedford_marble.jpg","1800","1350","1.33","False"
"dupont_corian_beige_fieldstone.jpg","1800","1350","1.33","False"
"dupont_corian_beryl_blue.jpg","1800","1350","1.33","False"
"dupont_corian_bisque.jpg","1800","1350","1.33","False"
"dupont_corian_black_quartz.jpg","1800","1350","1.33","False"
"dupont_corian_blooming_green.jpg","1800","1350","1.33","False"
"dupont_corian_blueberry_ice-2.jpg","1800","1350","1.33","False"
"dupont_corian_blueberry_ice.jpg","2048","1536","1.33","False"
"dupont_corian_blue_pebble.jpg","1800","1350","1.33","False"
"dupont_corian_blue_spice.jpg","1800","1350","1.33","False"
"dupont_corian_bone.jpg","1800","1350","1.33","False"
"dupont_corian_bronzite.jpg","1800","1350","1.33","False"
"dupont_corian_burled_beach.jpg","1800","1350","1.33","False"
"dupont_corian_cameo_white.jpg","1800","1350","1.33","False"
"dupont_corian_canvas.jpg","1800","1350","1.33","False"
"dupont_corian_canyon.jpg","1800","1350","1.33","False"
"dupont_corian_carbon_concrete.jpg","1800","1350","1.33","False"
"dupont_corian_chic_aubergine.jpg","2048","1536","1.33","False"
"dupont_corian_cilantro.jpg","1800","1350","1.33","False"
"dupont_corian_cirrus_white.jpg","1800","1350","1.33","False"
"dupont_corian_citrus_orange.jpg","1800","1350","1.33","False"
"dupont_corian_clam_shell.jpg","1800","1350","1.33","False"
"dupont_corian_clay.jpg","1800","1350","1.33","False"
"dupont_corian_cobalt.jpg","1800","1350","1.33","False"
"dupont_corian_cocoa_brown.jpg","1800","1350","1.33","False"
"dupont_corian_cocoa_prima.jpg","1800","1350","1.33","False"
"dupont_corian_concrete.jpg","1800","1350","1.33","False"
"dupont_corian_cool_gray.jpg","1800","1350","1.33","False"
"dupont_corian_cosmos_prima.jpg","1800","1350","1.33","False"
"dupont_corian_costa.jpg","1800","1350","1.33","False"
"dupont_corian_cottage_lane.jpg","1800","1350","1.33","False"
"dupont_corian_cream_royale.jpg","2000","2000","1","True"
"dupont_corian_deepanthracite.jpg","1800","1350","1.33","False"
"dupont_corian_deepbedrock.jpg","1800","1350","1.33","False"
"dupont_corian_deepblackquartz.jpg","1800","1350","1.33","False"
"dupont_corian_deepcaviar.jpg","1800","1350","1.33","False"
"dupont_corian_deepcloud.jpg","1800","1350","1.33","False"
"dupont_corian_deepespresso.jpg","1800","1350","1.33","False"
"dupont_corian_deepmink.jpg","1800","1350","1.33","False"
"dupont_corian_deepnightsky.jpg","1800","1350","1.33","False"
"dupont_corian_deepsable.jpg","1600","1200","1.33","False"
"dupont_corian_deepstorm.jpg","1800","1350","1.33","False"
"dupont_corian_deeptitanium.jpg","1800","1350","1.33","False"
"dupont_corian_deep_inkwell.jpg","1800","1350","1.33","False"
"dupont_corian_deep_lapis.jpg","1800","1350","1.33","False"
"dupont_corian_deep_smoky_pearl.jpg","1800","1350","1.33","False"
"dupont_corian_deep_space.jpg","1800","1350","1.33","False"
"dupont_corian_deep_terrain.jpg","1800","1350","1.33","False"
"dupont_corian_designer_white.jpg","1800","1350","1.33","False"
"dupont_corian_diamond_blue.jpg","1800","1350","1.33","False"
"dupont_corian_distinct_tan.jpg","2048","1536","1.33","False"
"dupont_corian_doeskin.jpg","1800","1350","1.33","False"
"dupont_corian_dove.jpg","1800","1350","1.33","False"
"dupont_corian_duna.jpg","1800","1350","1.33","False"
"dupont_corian_dune_prima.jpg","1800","1350","1.33","False"
"dupont_corian_dusk.jpg","1800","1350","1.33","False"
"dupont_corian_earth.jpg","1800","1350","1.33","False"
"dupont_corian_eclipse.jpg","1800","1350","1.33","False"
"dupont_corian_ecru.jpg","1800","1350","1.33","False"
"dupont_corian_elderberry.jpg","1800","1350","1.33","False"
"dupont_corian_elegant_gray.jpg","1800","1350","1.33","False"
"dupont_corian_ethereal_azure.jpg","2048","1536","1.33","False"
"dupont_corian_euclase.jpg","1800","1350","1.33","False"
"dupont_corian_evening_prima.jpg","1800","1350","1.33","False"
"dupont_corian_everest.jpg","1800","1350","1.33","False"
"dupont_corian_fawn.jpg","1800","1350","1.33","False"
"dupont_corian_flint.jpg","1800","1350","1.33","False"
"dupont_corian_fossil.jpg","1800","1350","1.33","False"
"dupont_corian_glacier_ice.jpg","1800","1350","1.33","False"
"dupont_corian_glacier_white.jpg","1800","1350","1.33","False"
"dupont_corian_glasa_solid_white.jpg","1800","1350","1.33","False"
"dupont_corian_glasa_white.jpg","1800","1350","1.33","False"
"dupont_corian_granola.jpg","1800","1350","1.33","False"
"dupont_corian_grape_green.jpg","1800","1350","1.33","False"
"dupont_corian_gravel.jpg","1800","1350","1.33","False"
"dupont_corian_graylite.jpg","1800","1350","1.33","False"
"dupont_corian_gray_onyx.jpg","1800","1350","1.33","False"
"dupont_corian_gray_ripple.jpg","1800","1350","1.33","False"
"dupont_corian_hazelnut.jpg","1800","1350","1.33","False"
"dupont_corian_hickory_smoke.jpg","1800","1350","1.33","False"
"dupont_corian_hot.jpg","1800","1350","1.33","False"
"dupont_corian_ice_white.jpg","2048","1536","1.33","False"
"dupont_corian_imperial_yellow.jpg","1800","1350","1.33","False"
"dupont_corian_jasmine.jpg","1800","1350","1.33","False"
"dupont_corian_juniper.jpg","1800","1350","1.33","False"
"dupont_corian_keystone.jpg","1800","1350","1.33","False"
"dupont_corian_laurel_branch.jpg","1800","1350","1.33","False"
"dupont_corian_lava_drift.jpg","2000","2000","1","True"
"dupont_corian_lava_rock.jpg","1800","1350","1.33","False"
"dupont_corian_light_ash.jpg","1800","1350","1.33","False"
"dupont_corian_limestone_prima.jpg","1800","1350","1.33","False"
"dupont_corian_lime_ice.jpg","1800","1350","1.33","False"
"dupont_corian_linen.jpg","1800","1350","1.33","False"
"dupont_corian_luna_jade.jpg","1800","1350","1.33","False"
"dupont_corian_matterhorn.jpg","1800","1350","1.33","False"
"dupont_corian_maui-2.jpg","1800","1350","1.33","False"
"dupont_corian_maui.jpg","1800","1350","1.33","False"
"dupont_corian_midnight.jpg","1800","1350","1.33","False"
"dupont_corian_milky_way.jpg","1800","1350","1.33","False"
"dupont_corian_milky_white.jpg","1800","1350","1.33","False"
"dupont_corian_mineral.jpg","1800","1350","1.33","False"
"dupont_corian_mint_ice.jpg","1800","1350","1.33","False"
"dupont_corian_modern_white.jpg","1800","1350","1.33","False"
"dupont_corian_mojave-2.jpg","1800","1350","1.33","False"
"dupont_corian_mojave.jpg","2048","1536","1.33","False"
"dupont_corian_mont_blanc.jpg","2200","1650","1.33","False"
"dupont_corian_moonstone.jpg","1800","1350","1.33","False"
"dupont_corian_moss.jpg","1800","1350","1.33","False"
"dupont_corian_natural_gray.jpg","1800","1350","1.33","False"
"dupont_corian_neutral_concrete.jpg","1800","1350","1.33","False"
"dupont_corian_nightfall.jpg","1800","1350","1.33","False"
"dupont_corian_nimbus_prima.jpg","1800","1350","1.33","False"
"dupont_corian_nocturne.jpg","593","442","1.34","False"
"dupont_corian_oat.jpg","1800","1350","1.33","False"
"dupont_corian_oyster.jpg","1800","1350","1.33","False"
"dupont_corian_pearl.jpg","1800","1350","1.33","False"
"dupont_corian_pearl_gray.jpg","1800","1350","1.33","False"
"dupont_corian_pepper_ivory.jpg","1800","1350","1.33","False"
"dupont_corian_pine.jpg","1800","1350","1.33","False"
"dupont_corian_platinum.jpg","1800","1350","1.33","False"
"dupont_corian_polar_white.jpg","1800","1350","1.33","False"
"dupont_corian_raffia.jpg","1800","1350","1.33","False"
"dupont_corian_rain_cloud.jpg","1800","1350","1.33","False"
"dupont_corian_rain_streak.jpg","2000","2000","1","True"
"dupont_corian_ravine.jpg","1800","1350","1.33","False"
"dupont_corian_rice_paper.jpg","1800","1350","1.33","False"
"dupont_corian_riverbed.jpg","1800","1350","1.33","False"
"dupont_corian_river_pearl.jpg","1800","1350","1.33","False"
"dupont_corian_rocky_road.jpg","1800","1350","1.33","False"
"dupont_corian_rosemary.jpg","1800","1350","1.33","False"
"dupont_corian_royal_red.jpg","1800","1350","1.33","False"
"dupont_corian_saffron.jpg","1800","1350","1.33","False"
"dupont_corian_sagebrush.jpg","1800","1350","1.33","False"
"dupont_corian_sahara.jpg","1800","1350","1.33","False"
"dupont_corian_salt.jpg","1800","1350","1.33","False"
"dupont_corian_sand.jpg","1800","1350","1.33","False"
"dupont_corian_sandalwood.jpg","1800","1350","1.33","False"
"dupont_corian_sandstone.jpg","1800","1350","1.33","False"
"dupont_corian_sand_storm.jpg","1800","1350","1.33","False"
"dupont_corian_savannah.jpg","1800","1350","1.33","False"
"dupont_corian_seafoam.jpg","1800","1350","1.33","False"
"dupont_corian_seagrass.jpg","1800","1350","1.33","False"
"dupont_corian_sea_salt.jpg","1800","1350","1.33","False"
"dupont_corian_serene_sage.jpg","1800","1350","1.33","False"
"dupont_corian_shale.jpg","1800","1350","1.33","False"
"dupont_corian_shoreline.jpg","1800","1350","1.33","False"
"dupont_corian_sienna_brown.jpg","1800","1350","1.33","False"
"dupont_corian_silt.jpg","1800","1350","1.33","False"
"dupont_corian_silverite.jpg","1800","1350","1.33","False"
"dupont_corian_silver_birch.jpg","2000","2000","1","True"
"dupont_corian_silver_gray.jpg","1800","1350","1.33","False"
"dupont_corian_smoke_drift_prima.jpg","1800","1350","1.33","False"
"dupont_corian_snow_flake.jpg","1800","1350","1.33","False"
"dupont_corian_sonora.jpg","1800","1350","1.33","False"
"dupont_corian_sorrel.jpg","1800","1350","1.33","False"
"dupont_corian_sparkling_white.jpg","1800","1350","1.33","False"
"dupont_corian_stardust.jpg","1800","1350","1.33","False"
"dupont_corian_stratus.jpg","1800","1350","1.33","False"
"dupont_corian_suede.jpg","1800","1350","1.33","False"
"dupont_corian_summit_white.jpg","1800","1350","1.33","False"
"dupont_corian_torrente_beige.jpg","1800","1350","1.33","False"
"dupont_corian_torrente_white.jpg","1800","1350","1.33","False"
"dupont_corian_tumbled_glass.jpg","1800","1350","1.33","False"
"dupont_corian_tumbleweed.jpg","1800","1350","1.33","False"
"dupont_corian_vanilla.jpg","1800","1350","1.33","False"
"dupont_corian_venaro_white.jpg","1800","1350","1.33","False"
"dupont_corian_warm_gray.jpg","1800","1350","1.33","False"
"dupont_corian_warm_soapstone.jpg","1800","1350","1.33","False"
"dupont_corian_weathered_concrete.jpg","1800","1350","1.33","False"
"dupont_corian_whipped_cream.jpg","1800","1350","1.33","False"
"dupont_corian_whisper.jpg","1800","1350","1.33","False"
"dupont_corian_whitecap.jpg","1800","1350","1.33","False"
"dupont_corian_white_jasmine.jpg","1800","1350","1.33","False"
"dupont_corian_white_onyx.jpg","1800","1350","1.33","False"
"dupont_corian_white_ripple.jpg","1800","1350","1.33","False"
"dupont_corian_white_stone.jpg","1800","1350","1.33","False"
"dupont_corian_willow.jpg","1800","1350","1.33","False"
"dupont_corian_windswept_prima.jpg","1800","1350","1.33","False"
"dupont_corian_witch_hazel.jpg","1800","1350","1.33","False"
"ecru_l_shape.png","600","450","1.33","False"
"elegant-gray-application-1.jpg","1200","740","1.62","False"
"elegant-gray-fullsheet.jpg","1200","400","3","False"
"evening-prima-application-1.jpg","1200","740","1.62","False"
"evening_prima_l_shape.png","600","450","1.33","False"
"fullsheet_artista-drift.jpg","1200","247","4.86","False"
"fullsheet_artista-mocha.jpg","1200","247","4.86","False"
"fullsheet_artista_mist.jpg","1500","300","5","False"
"fullsheet_artista_sage.jpg","1500","300","5","False"
"fullsheet_calacatta_greige.jpg","1500","296","5.07","False"
"fullsheet_city-roast.jpg","1200","247","4.86","False"
"fullsheet_rain_streak.jpg","1200","499","2.4","False"
"fullsheet_stonecrest_smoke.jpg","1500","298","5.03","False"
"fullsheet_travertin-firenze.jpg","1200","247","4.86","False"
"fullsheet_travertin_roma.jpg","1200","247","4.86","False"
"fullsheet_vasto-greige.jpg","1400","288","4.86","False"
"fullsheet_vasto_laguna.jpg","1400","288","4.86","False"
"glacier-ice-application-1.jpg","1200","740","1.62","False"
"glacier-ice-fullsheet.jpg","1200","400","3","False"
"glacier-white-application-1.jpg","1200","740","1.62","False"
"gray_onyx_l_shape.png","600","450","1.33","False"
"hazelnut_l_shape.png","600","450","1.33","False"
"hot-application-1.jpg","800","1200","0.67","False"
"juniper_l_shape.png","600","450","1.33","False"
"lavarock_l_shape.png","600","450","1.33","False"
"limestone_prima_l_shape.png","600","450","1.33","False"
"linen-application-1.jpg","1200","740","1.62","False"
"Lshape-ash-aggregate.png","1024","768","1.33","False"
"Lshape-carbon-aggregate.png","1024","768","1.33","False"
"lshape-cirrus-white.png","1024","686","1.49","False"
"Lshape-golden-onyx.png","1024","768","1.33","False"
"Lshape-jade-onyx.png","1024","768","1.33","False"
"lshape-natural-gray.png","1024","682","1.5","False"
"Lshape-neutral-aggregate.png","1024","768","1.33","False"
"lshape-river-pearl.png","1024","679","1.51","False"
"Lshape-sepia-linear.png","1024","768","1.33","False"
"Lshape-silver-linear.png","1024","768","1.33","False"
"lshape-smoke-drift-prima.png","1024","681","1.5","False"
"Lshape-weathered-aggregate.png","1024","768","1.33","False"
"lshape-weathered_aggregate.png","1024","682","1.5","False"
"lshape-whipped-cream.png","1024","679","1.51","False"
"lshape_artistadrift.png","1200","814","1.47","False"
"lshape_artistamocha.png","1200","806","1.49","False"
"lshape_artista_sage.png","905","601","1.51","False"
"lshape_artist_mist.png","905","601","1.51","False"
"lshape_calacatta_greige.png","905","601","1.51","False"
"lshape_stonecrest_smoke.png","1083","720","1.5","False"
"lshape_travertinefirenze.png","1200","814","1.47","False"
"lshape_travertineroma.png","1200","816","1.47","False"
"lshape_vastolaguna.png","1200","817","1.47","False"
"lshape_vasto_greige.png","1200","810","1.48","False"
"modern-white-application-1.jpg","1200","740","1.62","False"
"modern-white-application-2.jpg","1200","740","1.62","False"
"neutral_concrete_l_shape.png","600","450","1.33","False"
"nimbus-prima-application-1.jpg","1024","683","1.5","False"
"nimbus_prima_l_shape.png","600","450","1.33","False"
"pattern_artista_drift.jpg","1400","1400","1","True"
"pattern_artista_mist.jpg","1500","1500","1","True"
"pattern_artista_mocha.jpg","1400","1400","1","True"
"pattern_artista_sage-2.jpg","1500","1500","1","True"
"pattern_artista_sage.jpg","1500","1500","1","True"
"pattern_calacatta_greige.jpg","1500","1500","1","True"
"pattern_city_roast.jpg","1400","1400","1","True"
"pattern_creme_royale.jpg","1800","1800","1","True"
"pattern_grinds_archeologic.jpg","1504","1504","1","True"
"pattern_grinds_excavage.jpg","1504","1504","1","True"
"pattern_grinds_pebble_lane.jpg","1504","1504","1","True"
"pattern_grinds_stonique.jpg","1504","1504","1","True"
"pattern_lavadrift.jpg","1800","1800","1","True"
"pattern_rain_streak.jpg","1800","1800","1","True"
"pattern_stonecrest_smoke.jpg","1500","1500","1","True"
"pattern_terrazzo_laguna.jpg","1504","1504","1","True"
"pattern_terrazzo_peppered.jpg","1504","1504","1","True"
"pattern_travertin_firenze.jpg","1400","1400","1","True"
"pattern_travertin_roma.jpg","1400","1400","1","True"
"pattern_vasto_greige.jpg","1400","1400","1","True"
"pattern_vasto_laguna.jpg","1400","1400","1","True"
"provence-nuwood-application-1.jpg","1200","740","1.62","False"
"provence_nuwood_l_shape.png","600","399","1.5","False"
"provence_nuwood_slab.jpg","800","164","4.88","False"
"rain-cloud-application-1.jpg","1200","740","1.62","False"
"raincloud_l_shape.png","600","450","1.33","False"
"rosemary-application-1.jpg","1200","740","1.62","False"
"rosemary_l_shape.png","600","450","1.33","False"
"sagebrush-application-1.jpg","1200","740","1.62","False"
"sagebrush-application-2.jpg","800","1200","0.67","False"
"sagebrush_l_shape.png","600","450","1.33","False"
"sample-view-fullsheet-sandalwood.jpg","1449","306","4.74","False"
"sample-view-fullsheet-windswept.jpg","986","194","5.08","False"
"sample-view-lshape-sandalwood.jpg","690","345","2","False"
"sample-view-lshape-windswept.jpg","1000","751","1.33","False"
"sandalwood-application-1.jpg","1200","740","1.62","False"
"sandstorm-application-1.jpg","1200","740","1.62","False"
"silverite-fullsheet.jpg","1200","400","3","False"
"slab-ash-aggregate.jpg","1024","210","4.88","False"
"slab-basalt-terrazzo.jpg","1024","203","5.04","False"
"slab-carbon-aggregate.jpg","1024","210","4.88","False"
"slab-carbon-concrete.jpg","1024","227","4.51","False"
"slab-cirrus-white.jpg","1024","227","4.51","False"
"slab-clam-shell.jpg","1024","210","4.88","False"
"slab-cocoa-prima.jpg","1024","209","4.9","False"
"slab-domino-terrazzo.jpg","1024","210","4.88","False"
"slab-dune-prima.jpg","1024","209","4.9","False"
"slab-ecru.jpg","1024","227","4.51","False"
"slab-golden-onyx.jpg","1024","207","4.95","False"
"slab-jade-onyx.jpg","1024","207","4.95","False"
"slab-laguna.jpg","1024","210","4.88","False"
"slab-lava-rock.jpg","1024","209","4.9","False"
"slab-linen.jpg","1504","309","4.87","False"
"slab-natural-gray.jpg","1024","227","4.51","False"
"slab-neutral-aggregate.jpg","1024","210","4.88","False"
"slab-neutral-concrete.jpg","1024","211","4.85","False"
"slab-nimbus-prima.jpg","1024","210","4.88","False"
"slab-pebble-terrazzo.jpg","1024","206","4.97","False"
"slab-river-pearl.jpg","1024","227","4.51","False"
"slab-rosemary.jpg","1024","210","4.88","False"
"slab-sagebrush.jpg","1024","210","4.88","False"
"slab-sandalwood.jpg","1024","210","4.88","False"
"slab-sepia-linear.jpg","1024","209","4.9","False"
"slab-silver-linear.jpg","1024","210","4.88","False"
"slab-sorrel.jpg","1024","227","4.51","False"
"slab-venaro-white.jpg","1024","207","4.95","False"
"slab-verdant.jpg","1024","210","4.88","False"
"slab-weathered-aggregate.jpg","1024","206","4.97","False"
"slab-weathered-concrete.jpg","1024","227","4.51","False"
"slab-whipped-cream.jpg","1024","227","4.51","False"
"slab-witch-hazel.jpg","1024","209","4.9","False"
"smoke-drift-prima-application-1.jpg","1200","740","1.62","False"
"sonora_l_shape.png","600","450","1.33","False"
"sorrel_l_shape.png","600","450","1.33","False"
"sparkling-granita-application-1.jpg","1200","740","1.62","False"
"sparkling-white-application-1.jpg","1200","740","1.62","False"
"tumbleweed_l_shape.png","600","450","1.33","False"
"vanilla-fullsheet.jpg","1200","400","3","False"
"venarowhite_l_shape.png","600","450","1.33","False"
"weathered_concrete_l_shape.png","600","450","1.33","False"
"white_onyx_l_shape.png","600","450","1.33","False"
"windswept-application-1.jpg","1200","801","1.5","False"
"witch-hazel-application-1.jpg","1200","740","1.62","False"
"witch_hazel_l_shape.png","600","450","1.33","False"
